oligo_002561	NegativeControl
oligo_002578	NegativeControl
oligo_002601	NegativeControl
oligo_002586	NegativeControl
oligo_002542	NegativeControl
oligo_002548	NegativeControl
oligo_002503	NegativeControl
oligo_002545	NegativeControl
oligo_002552	NegativeControl
oligo_002589:oligo_002590	NegativeControl
oligo_002569	NegativeControl
oligo_002583	NegativeControl
oligo_002508	NegativeControl
oligo_002546	NegativeControl
oligo_002519	NegativeControl
oligo_002576	NegativeControl
oligo_002562	NegativeControl
oligo_002514	NegativeControl
oligo_002504	NegativeControl
oligo_002593	NegativeControl
oligo_002600	NegativeControl
oligo_002535	NegativeControl
oligo_002505	NegativeControl
oligo_002558	NegativeControl
oligo_002587	NegativeControl
oligo_002526	NegativeControl
oligo_002584	NegativeControl
oligo_002564	NegativeControl
oligo_002512	NegativeControl
oligo_002596	NegativeControl
oligo_002568	NegativeControl
oligo_002536	NegativeControl
oligo_002515	NegativeControl
oligo_002554	NegativeControl
oligo_002556	NegativeControl
oligo_002597	NegativeControl
oligo_002560	NegativeControl
oligo_002538	NegativeControl
oligo_002534	NegativeControl
oligo_002529	NegativeControl
oligo_002511	NegativeControl
oligo_002570	NegativeControl
oligo_002528	NegativeControl
oligo_002557	NegativeControl
oligo_002509	NegativeControl
oligo_002525	NegativeControl
oligo_002592	NegativeControl
oligo_002544	NegativeControl
oligo_002606	NegativeControl
oligo_002551	NegativeControl
oligo_002549	NegativeControl
oligo_002500	NegativeControl
oligo_002537	NegativeControl
oligo_002531	NegativeControl
oligo_002541	NegativeControl
oligo_002580	NegativeControl
oligo_002572	NegativeControl
oligo_002521:oligo_002522	NegativeControl
oligo_002599	NegativeControl
oligo_002540	NegativeControl
oligo_002553	NegativeControl
oligo_002524	NegativeControl
oligo_002530	NegativeControl
oligo_002582	NegativeControl
oligo_002513	NegativeControl
oligo_002516	NegativeControl
oligo_002501:oligo_002502	NegativeControl
oligo_002588	NegativeControl
oligo_002559	NegativeControl
oligo_002585	NegativeControl
oligo_002543	NegativeControl
oligo_002506	NegativeControl
oligo_002577	NegativeControl
oligo_002573	NegativeControl
oligo_002532	NegativeControl
oligo_002565	NegativeControl
oligo_002594	NegativeControl
oligo_002571	NegativeControl
oligo_002510	NegativeControl
oligo_002523	NegativeControl
oligo_002550	NegativeControl
oligo_002520	NegativeControl
oligo_002533	NegativeControl
oligo_002579	NegativeControl
oligo_002563	NegativeControl
oligo_002575	NegativeControl
oligo_002507	NegativeControl
oligo_002603	NegativeControl
oligo_002518	NegativeControl
oligo_002517	NegativeControl
oligo_002591	NegativeControl
oligo_002566	NegativeControl
oligo_002527	NegativeControl
oligo_002602	NegativeControl
oligo_002595	NegativeControl
oligo_002605	NegativeControl
oligo_002598	NegativeControl
oligo_002581	NegativeControl
oligo_002604	NegativeControl
oligo_002547	NegativeControl
oligo_002567	NegativeControl
oligo_002574	NegativeControl
oligo_002539	NegativeControl
oligo_002555	NegativeControl
oligo_005868	TestedOligo
oligo_005870	TestedOligo
oligo_005299	TestedOligo
oligo_005300	TestedOligo
oligo_006685	TestedOligo
oligo_006687	TestedOligo
oligo_006919	TestedOligo
oligo_006920	TestedOligo
oligo_006895	TestedOligo
oligo_006897	TestedOligo
oligo_006675	TestedOligo
oligo_006677	TestedOligo
oligo_006557	TestedOligo
oligo_006559	TestedOligo
oligo_006179	TestedOligo
oligo_006181	TestedOligo
oligo_006575	TestedOligo
oligo_006576	TestedOligo
oligo_006160	TestedOligo
oligo_006162	TestedOligo
oligo_006907	TestedOligo
oligo_006908	TestedOligo
oligo_006879	TestedOligo
oligo_006881	TestedOligo
oligo_005519	TestedOligo
oligo_005520	TestedOligo
oligo_006615	TestedOligo
oligo_006617	TestedOligo
oligo_005553	TestedOligo
oligo_005554	TestedOligo
oligo_005550	TestedOligo
oligo_005552	TestedOligo
oligo_006377	TestedOligo
oligo_006378	TestedOligo
oligo_006448	TestedOligo
oligo_006450	TestedOligo
oligo_006328	TestedOligo
oligo_006330	TestedOligo
oligo_005648	TestedOligo
oligo_005650	TestedOligo
oligo_006364	TestedOligo
oligo_006366	TestedOligo
oligo_005644	TestedOligo
oligo_005646	TestedOligo
oligo_005390	TestedOligo
oligo_005392	TestedOligo
oligo_005611	TestedOligo
oligo_005612	TestedOligo
oligo_005451	TestedOligo
oligo_005452	TestedOligo
oligo_005549	TestedOligo
oligo_005551	TestedOligo
oligo_006649	TestedOligo
oligo_006651	TestedOligo
oligo_005859	TestedOligo
oligo_005861	TestedOligo
oligo_006139	TestedOligo
oligo_006140	TestedOligo
oligo_006717	TestedOligo
oligo_006719	TestedOligo
oligo_005412	TestedOligo
oligo_005414	TestedOligo
oligo_006128	TestedOligo
oligo_006130	TestedOligo
oligo_005778	TestedOligo
oligo_005780	TestedOligo
oligo_006659	TestedOligo
oligo_006661	TestedOligo
oligo_006173	TestedOligo
oligo_006175	TestedOligo
oligo_006815	TestedOligo
oligo_006817	TestedOligo
oligo_005702	TestedOligo
oligo_005704	TestedOligo
oligo_006838	TestedOligo
oligo_006840	TestedOligo
oligo_006003	TestedOligo
oligo_006005	TestedOligo
oligo_006855	TestedOligo
oligo_006857	TestedOligo
oligo_005723	TestedOligo
oligo_005725	TestedOligo
oligo_005631	TestedOligo
oligo_005632	TestedOligo
oligo_006795	TestedOligo
oligo_006797	TestedOligo
oligo_006456	TestedOligo
oligo_006458	TestedOligo
oligo_005634	TestedOligo
oligo_005636	TestedOligo
oligo_005935	TestedOligo
oligo_005936	TestedOligo
oligo_005515	TestedOligo
oligo_005517	TestedOligo
oligo_006099	TestedOligo
oligo_006100	TestedOligo
oligo_006689	TestedOligo
oligo_006691	TestedOligo
oligo_005477	TestedOligo
oligo_005479	TestedOligo
oligo_005975	TestedOligo
oligo_005977	TestedOligo
oligo_005829	TestedOligo
oligo_005831	TestedOligo
oligo_005458	TestedOligo
oligo_005460	TestedOligo
oligo_006772	TestedOligo
oligo_006774	TestedOligo
oligo_006783	TestedOligo
oligo_006784	TestedOligo
oligo_006299	TestedOligo
oligo_006301	TestedOligo
oligo_006074	TestedOligo
oligo_006076	TestedOligo
oligo_006324	TestedOligo
oligo_006326	TestedOligo
oligo_006201	TestedOligo
oligo_006203	TestedOligo
oligo_006871	TestedOligo
oligo_006873	TestedOligo
oligo_006511	TestedOligo
oligo_006513	TestedOligo
oligo_006767	TestedOligo
oligo_006769	TestedOligo
oligo_006859	TestedOligo
oligo_006861	TestedOligo
oligo_006195	TestedOligo
oligo_006197	TestedOligo
oligo_006552	TestedOligo
oligo_006554	TestedOligo
oligo_006078	TestedOligo
oligo_006080	TestedOligo
oligo_006149	TestedOligo
oligo_006151	TestedOligo
oligo_006725	TestedOligo
oligo_006727	TestedOligo
oligo_006262	TestedOligo
oligo_006264	TestedOligo
oligo_006368	TestedOligo
oligo_006370	TestedOligo
oligo_006261	TestedOligo
oligo_006263	TestedOligo
oligo_006382	TestedOligo
oligo_006384	TestedOligo
oligo_005757	TestedOligo
oligo_005758	TestedOligo
oligo_005938	TestedOligo
oligo_005940	TestedOligo
oligo_005709	TestedOligo
oligo_005711	TestedOligo
oligo_006145	TestedOligo
oligo_006147	TestedOligo
oligo_005453	TestedOligo
oligo_005455	TestedOligo
oligo_005633	TestedOligo
oligo_005635	TestedOligo
oligo_006252	TestedOligo
oligo_006254	TestedOligo
oligo_005968	TestedOligo
oligo_005970	TestedOligo
oligo_006335	TestedOligo
oligo_006337	TestedOligo
oligo_005718	TestedOligo
oligo_005720	TestedOligo
oligo_005509	TestedOligo
oligo_005511	TestedOligo
oligo_006295	TestedOligo
oligo_006297	TestedOligo
oligo_006660	TestedOligo
oligo_006662	TestedOligo
oligo_006154	TestedOligo
oligo_006156	TestedOligo
oligo_006447	TestedOligo
oligo_006449	TestedOligo
oligo_006690	TestedOligo
oligo_006692	TestedOligo
oligo_006206	TestedOligo
oligo_006208	TestedOligo
oligo_006360	TestedOligo
oligo_006362	TestedOligo
oligo_006345	TestedOligo
oligo_006346	TestedOligo
oligo_006653	TestedOligo
oligo_006654	TestedOligo
oligo_006119	TestedOligo
oligo_006121	TestedOligo
oligo_006061	TestedOligo
oligo_006063	TestedOligo
oligo_006808	TestedOligo
oligo_006810	TestedOligo
oligo_006292	TestedOligo
oligo_006294	TestedOligo
oligo_006925	TestedOligo
oligo_006926	TestedOligo
oligo_006427	TestedOligo
oligo_006429	TestedOligo
oligo_005976	TestedOligo
oligo_005978	TestedOligo
oligo_006069	TestedOligo
oligo_006071	TestedOligo
oligo_005427	TestedOligo
oligo_005429	TestedOligo
oligo_005307	TestedOligo
oligo_005308	TestedOligo
oligo_005411	TestedOligo
oligo_005413	TestedOligo
oligo_005445	TestedOligo
oligo_005446	TestedOligo
oligo_006117	TestedOligo
oligo_006118	TestedOligo
oligo_005967	TestedOligo
oligo_005969	TestedOligo
oligo_006120	TestedOligo
oligo_006122	TestedOligo
oligo_006484	TestedOligo
oligo_006486	TestedOligo
oligo_006273	TestedOligo
oligo_006275	TestedOligo
oligo_005393	TestedOligo
oligo_005394	TestedOligo
oligo_005893	TestedOligo
oligo_005895	TestedOligo
oligo_005447	TestedOligo
oligo_005449	TestedOligo
oligo_006387	TestedOligo
oligo_006389	TestedOligo
oligo_006620	TestedOligo
oligo_006622	TestedOligo
oligo_006631	TestedOligo
oligo_006633	TestedOligo
oligo_006796	TestedOligo
oligo_006798	TestedOligo
oligo_005582	TestedOligo
oligo_005584	TestedOligo
oligo_006589	TestedOligo
oligo_006590	TestedOligo
oligo_006007	TestedOligo
oligo_006008	TestedOligo
oligo_005563	TestedOligo
oligo_005565	TestedOligo
oligo_005329	TestedOligo
oligo_005331	TestedOligo
oligo_006561	TestedOligo
oligo_006562	TestedOligo
oligo_005810	TestedOligo
oligo_005812	TestedOligo
oligo_006348	TestedOligo
oligo_006350	TestedOligo
oligo_006824	TestedOligo
oligo_006826	TestedOligo
oligo_006315	TestedOligo
oligo_006317	TestedOligo
oligo_006210	TestedOligo
oligo_006212	TestedOligo
oligo_006834	TestedOligo
oligo_006836	TestedOligo
oligo_005867	TestedOligo
oligo_005869	TestedOligo
oligo_005274	TestedOligo
oligo_005276	TestedOligo
oligo_005855	TestedOligo
oligo_005857	TestedOligo
oligo_006491	TestedOligo
oligo_006493	TestedOligo
oligo_006412	TestedOligo
oligo_006414	TestedOligo
oligo_005941	TestedOligo
oligo_005943	TestedOligo
oligo_006496	TestedOligo
oligo_006498	TestedOligo
oligo_005353	TestedOligo
oligo_005355	TestedOligo
oligo_005954	TestedOligo
oligo_005956	TestedOligo
oligo_005516	TestedOligo
oligo_005518	TestedOligo
oligo_005706	TestedOligo
oligo_005708	TestedOligo
oligo_005305	TestedOligo
oligo_005306	TestedOligo
oligo_006596	TestedOligo
oligo_006598	TestedOligo
oligo_005912	TestedOligo
oligo_005914	TestedOligo
oligo_005961	TestedOligo
oligo_005962	TestedOligo
oligo_006255	TestedOligo
oligo_006257	TestedOligo
oligo_005620	TestedOligo
oligo_005622	TestedOligo
oligo_006039	TestedOligo
oligo_006041	TestedOligo
oligo_006101	TestedOligo
oligo_006103	TestedOligo
oligo_005373	TestedOligo
oligo_005374	TestedOligo
oligo_006515	TestedOligo
oligo_006517	TestedOligo
oligo_005915	TestedOligo
oligo_005916	TestedOligo
oligo_005673	TestedOligo
oligo_005674	TestedOligo
oligo_006399	TestedOligo
oligo_006401	TestedOligo
oligo_006403	TestedOligo
oligo_006405	TestedOligo
oligo_006013	TestedOligo
oligo_006015	TestedOligo
oligo_005826	TestedOligo
oligo_005828	TestedOligo
oligo_006668	TestedOligo
oligo_006670	TestedOligo
oligo_005853	TestedOligo
oligo_005854	TestedOligo
oligo_005396	TestedOligo
oligo_005398	TestedOligo
oligo_006209	TestedOligo
oligo_006211	TestedOligo
oligo_006249	TestedOligo
oligo_006250	TestedOligo
oligo_005608	TestedOligo
oligo_005610	TestedOligo
oligo_006785	TestedOligo
oligo_006786	TestedOligo
oligo_006196	TestedOligo
oligo_006198	TestedOligo
oligo_006891	TestedOligo
oligo_006893	TestedOligo
oligo_005786	TestedOligo
oligo_005788	TestedOligo
oligo_005834	TestedOligo
oligo_005836	TestedOligo
oligo_006187	TestedOligo
oligo_006189	TestedOligo
oligo_005863	TestedOligo
oligo_005865	TestedOligo
oligo_006065	TestedOligo
oligo_006067	TestedOligo
oligo_006241	TestedOligo
oligo_006243	TestedOligo
oligo_006551	TestedOligo
oligo_006553	TestedOligo
oligo_005557	TestedOligo
oligo_005559	TestedOligo
oligo_005735	TestedOligo
oligo_005737	TestedOligo
oligo_006056	TestedOligo
oligo_006058	TestedOligo
oligo_006308	TestedOligo
oligo_006310	TestedOligo
oligo_006157	TestedOligo
oligo_006158	TestedOligo
oligo_005639	TestedOligo
oligo_005641	TestedOligo
oligo_006738	TestedOligo
oligo_006740	TestedOligo
oligo_005422	TestedOligo
oligo_005424	TestedOligo
oligo_005564	TestedOligo
oligo_005566	TestedOligo
oligo_006487	TestedOligo
oligo_006489	TestedOligo
oligo_006714	TestedOligo
oligo_006716	TestedOligo
oligo_005575	TestedOligo
oligo_005576	TestedOligo
oligo_006540	TestedOligo
oligo_006542	TestedOligo
oligo_006316	TestedOligo
oligo_006318	TestedOligo
oligo_006082	TestedOligo
oligo_006084	TestedOligo
oligo_006142	TestedOligo
oligo_006144	TestedOligo
oligo_006581	TestedOligo
oligo_006583	TestedOligo
oligo_006407	TestedOligo
oligo_006409	TestedOligo
oligo_005675	TestedOligo
oligo_005676	TestedOligo
oligo_006599	TestedOligo
oligo_006601	TestedOligo
oligo_005690	TestedOligo
oligo_005692	TestedOligo
oligo_006343	TestedOligo
oligo_006344	TestedOligo
oligo_005979	TestedOligo
oligo_005981	TestedOligo
oligo_006504	TestedOligo
oligo_006506	TestedOligo
oligo_006018	TestedOligo
oligo_006020	TestedOligo
oligo_005663	TestedOligo
oligo_005665	TestedOligo
oligo_006085	TestedOligo
oligo_006087	TestedOligo
oligo_005481	TestedOligo
oligo_005482	TestedOligo
oligo_006764	TestedOligo
oligo_006766	TestedOligo
oligo_006040	TestedOligo
oligo_006042	TestedOligo
oligo_005339	TestedOligo
oligo_005341	TestedOligo
oligo_005929	TestedOligo
oligo_005930	TestedOligo
oligo_006730	TestedOligo
oligo_006732	TestedOligo
oligo_006231	TestedOligo
oligo_006232	TestedOligo
oligo_005409	TestedOligo
oligo_005410	TestedOligo
oligo_005364	TestedOligo
oligo_005366	TestedOligo
oligo_005555	TestedOligo
oligo_005556	TestedOligo
oligo_006779	TestedOligo
oligo_006781	TestedOligo
oligo_006163	TestedOligo
oligo_006164	TestedOligo
oligo_006451	TestedOligo
oligo_006453	TestedOligo
oligo_005964	TestedOligo
oligo_005966	TestedOligo
oligo_005777	TestedOligo
oligo_005779	TestedOligo
oligo_006256	TestedOligo
oligo_006258	TestedOligo
oligo_006737	TestedOligo
oligo_006739	TestedOligo
oligo_006640	TestedOligo
oligo_006642	TestedOligo
oligo_006223	TestedOligo
oligo_006225	TestedOligo
oligo_006568	TestedOligo
oligo_006570	TestedOligo
oligo_005830	TestedOligo
oligo_005832	TestedOligo
oligo_005919	TestedOligo
oligo_005921	TestedOligo
oligo_005465	TestedOligo
oligo_005467	TestedOligo
oligo_006749	TestedOligo
oligo_006751	TestedOligo
oligo_005387	TestedOligo
oligo_005388	TestedOligo
oligo_006679	TestedOligo
oligo_006681	TestedOligo
oligo_006228	TestedOligo
oligo_006230	TestedOligo
oligo_006718	TestedOligo
oligo_006720	TestedOligo
oligo_006915	TestedOligo
oligo_006916	TestedOligo
oligo_006323	TestedOligo
oligo_006325	TestedOligo
oligo_006400	TestedOligo
oligo_006402	TestedOligo
oligo_005801	TestedOligo
oligo_005803	TestedOligo
oligo_005677	TestedOligo
oligo_005679	TestedOligo
oligo_006472	TestedOligo
oligo_006474	TestedOligo
oligo_005314	TestedOligo
oligo_005316	TestedOligo
oligo_005539	TestedOligo
oligo_005541	TestedOligo
oligo_005277	TestedOligo
oligo_005278	TestedOligo
oligo_006044	TestedOligo
oligo_006046	TestedOligo
oligo_005377	TestedOligo
oligo_005378	TestedOligo
oligo_005950	TestedOligo
oligo_005952	TestedOligo
oligo_006077	TestedOligo
oligo_006079	TestedOligo
oligo_005407	TestedOligo
oligo_005408	TestedOligo
oligo_005367	TestedOligo
oligo_005368	TestedOligo
oligo_006923	TestedOligo
oligo_006924	TestedOligo
oligo_005267	TestedOligo
oligo_005268	TestedOligo
oligo_006771	TestedOligo
oligo_006773	TestedOligo
oligo_005894	TestedOligo
oligo_005896	TestedOligo
oligo_006025	TestedOligo
oligo_006026	TestedOligo
oligo_005310	TestedOligo
oligo_005312	TestedOligo
oligo_006734	TestedOligo
oligo_006736	TestedOligo
oligo_006820	TestedOligo
oligo_006822	TestedOligo
oligo_005752	TestedOligo
oligo_005754	TestedOligo
oligo_005897	TestedOligo
oligo_005899	TestedOligo
oligo_006043	TestedOligo
oligo_006045	TestedOligo
oligo_006174	TestedOligo
oligo_006176	TestedOligo
oligo_005291	TestedOligo
oligo_005292	TestedOligo
oligo_006259	TestedOligo
oligo_006260	TestedOligo
oligo_005653	TestedOligo
oligo_005654	TestedOligo
oligo_006183	TestedOligo
oligo_006185	TestedOligo
oligo_006303	TestedOligo
oligo_006305	TestedOligo
oligo_005613	TestedOligo
oligo_005614	TestedOligo
oligo_006791	TestedOligo
oligo_006793	TestedOligo
oligo_005448	TestedOligo
oligo_005450	TestedOligo
oligo_005656	TestedOligo
oligo_005658	TestedOligo
oligo_006563	TestedOligo
oligo_006565	TestedOligo
oligo_006242	TestedOligo
oligo_006244	TestedOligo
oligo_006829	TestedOligo
oligo_006831	TestedOligo
oligo_005428	TestedOligo
oligo_005430	TestedOligo
oligo_005751	TestedOligo
oligo_005753	TestedOligo
oligo_006558	TestedOligo
oligo_006560	TestedOligo
oligo_006913	TestedOligo
oligo_006914	TestedOligo
oligo_005279	TestedOligo
oligo_005280	TestedOligo
oligo_005971	TestedOligo
oligo_005972	TestedOligo
oligo_005802	TestedOligo
oligo_005804	TestedOligo
oligo_006623	TestedOligo
oligo_006625	TestedOligo
oligo_005318	TestedOligo
oligo_005320	TestedOligo
oligo_005507	TestedOligo
oligo_005508	TestedOligo
oligo_006595	TestedOligo
oligo_006597	TestedOligo
oligo_005484	TestedOligo
oligo_005486	TestedOligo
oligo_005437	TestedOligo
oligo_005438	TestedOligo
oligo_005535	TestedOligo
oligo_005537	TestedOligo
oligo_005985	TestedOligo
oligo_005987	TestedOligo
oligo_005603	TestedOligo
oligo_005605	TestedOligo
oligo_005877	TestedOligo
oligo_005879	TestedOligo
oligo_006070	TestedOligo
oligo_006072	TestedOligo
oligo_005689	TestedOligo
oligo_005691	TestedOligo
oligo_006127	TestedOligo
oligo_006129	TestedOligo
oligo_006169	TestedOligo
oligo_006171	TestedOligo
oligo_005293	TestedOligo
oligo_005295	TestedOligo
oligo_005849	TestedOligo
oligo_005851	TestedOligo
oligo_005322	TestedOligo
oligo_005324	TestedOligo
oligo_005785	TestedOligo
oligo_005787	TestedOligo
oligo_006676	TestedOligo
oligo_006678	TestedOligo
oligo_005271	TestedOligo
oligo_005272	TestedOligo
oligo_006495	TestedOligo
oligo_006497	TestedOligo
oligo_005497	TestedOligo
oligo_005499	TestedOligo
oligo_005683	TestedOligo
oligo_005684	TestedOligo
oligo_006911	TestedOligo
oligo_006912	TestedOligo
oligo_005693	TestedOligo
oligo_005695	TestedOligo
oligo_005822	TestedOligo
oligo_005824	TestedOligo
oligo_005441	TestedOligo
oligo_005443	TestedOligo
oligo_006663	TestedOligo
oligo_006665	TestedOligo
oligo_006238	TestedOligo
oligo_006240	TestedOligo
oligo_006408	TestedOligo
oligo_006410	TestedOligo
oligo_005710	TestedOligo
oligo_005712	TestedOligo
oligo_005547	TestedOligo
oligo_005548	TestedOligo
oligo_005637	TestedOligo
oligo_005638	TestedOligo
oligo_005401	TestedOligo
oligo_005402	TestedOligo
oligo_006483	TestedOligo
oligo_006485	TestedOligo
oligo_005498	TestedOligo
oligo_005500	TestedOligo
oligo_006331	TestedOligo
oligo_006333	TestedOligo
oligo_006787	TestedOligo
oligo_006789	TestedOligo
oligo_005790	TestedOligo
oligo_005792	TestedOligo
oligo_006096	TestedOligo
oligo_006098	TestedOligo
oligo_006184	TestedOligo
oligo_006186	TestedOligo
oligo_006902	TestedOligo
oligo_006904	TestedOligo
oligo_006853	TestedOligo
oligo_006854	TestedOligo
oligo_006159	TestedOligo
oligo_006161	TestedOligo
oligo_006750	TestedOligo
oligo_006752	TestedOligo
oligo_006089	TestedOligo
oligo_006090	TestedOligo
oligo_005478	TestedOligo
oligo_005480	TestedOligo
oligo_006607	TestedOligo
oligo_006609	TestedOligo
oligo_005881	TestedOligo
oligo_005882	TestedOligo
oligo_005513	TestedOligo
oligo_005514	TestedOligo
oligo_006475	TestedOligo
oligo_006477	TestedOligo
oligo_005957	TestedOligo
oligo_005959	TestedOligo
oligo_006153	TestedOligo
oligo_006155	TestedOligo
oligo_005425	TestedOligo
oligo_005426	TestedOligo
oligo_006428	TestedOligo
oligo_006430	TestedOligo
oligo_006694	TestedOligo
oligo_006696	TestedOligo
oligo_006170	TestedOligo
oligo_006172	TestedOligo
oligo_005403	TestedOligo
oligo_005404	TestedOligo
oligo_006027	TestedOligo
oligo_006029	TestedOligo
oligo_006213	TestedOligo
oligo_006215	TestedOligo
oligo_006710	TestedOligo
oligo_006712	TestedOligo
oligo_006464	TestedOligo
oligo_006466	TestedOligo
oligo_006616	TestedOligo
oligo_006618	TestedOligo
oligo_005838	TestedOligo
oligo_005840	TestedOligo
oligo_005744	TestedOligo
oligo_005746	TestedOligo
oligo_006047	TestedOligo
oligo_006049	TestedOligo
oligo_005369	TestedOligo
oligo_005370	TestedOligo
oligo_005568	TestedOligo
oligo_005570	TestedOligo
oligo_006339	TestedOligo
oligo_006341	TestedOligo
oligo_005360	TestedOligo
oligo_005362	TestedOligo
oligo_006792	TestedOligo
oligo_006794	TestedOligo
oligo_005434	TestedOligo
oligo_005436	TestedOligo
oligo_006355	TestedOligo
oligo_006357	TestedOligo
oligo_006234	TestedOligo
oligo_006236	TestedOligo
oligo_006586	TestedOligo
oligo_006588	TestedOligo
oligo_006214	TestedOligo
oligo_006216	TestedOligo
oligo_006114	TestedOligo
oligo_006116	TestedOligo
oligo_006224	TestedOligo
oligo_006226	TestedOligo
oligo_006901	TestedOligo
oligo_006903	TestedOligo
oligo_006582	TestedOligo
oligo_006584	TestedOligo
oligo_005949	TestedOligo
oligo_005951	TestedOligo
oligo_005577	TestedOligo
oligo_005579	TestedOligo
oligo_005739	TestedOligo
oligo_005740	TestedOligo
oligo_006351	TestedOligo
oligo_006353	TestedOligo
oligo_006667	TestedOligo
oligo_006669	TestedOligo
oligo_006266	TestedOligo
oligo_006268	TestedOligo
oligo_006265	TestedOligo
oligo_006267	TestedOligo
oligo_005945	TestedOligo
oligo_005947	TestedOligo
oligo_006611	TestedOligo
oligo_006613	TestedOligo
oligo_006048	TestedOligo
oligo_006050	TestedOligo
oligo_006760	TestedOligo
oligo_006762	TestedOligo
oligo_006887	TestedOligo
oligo_006889	TestedOligo
oligo_006352	TestedOligo
oligo_006354	TestedOligo
oligo_006768	TestedOligo
oligo_006770	TestedOligo
oligo_006388	TestedOligo
oligo_006390	TestedOligo
oligo_005958	TestedOligo
oligo_005960	TestedOligo
oligo_005454	TestedOligo
oligo_005456	TestedOligo
oligo_005721	TestedOligo
oligo_005722	TestedOligo
oligo_006455	TestedOligo
oligo_006457	TestedOligo
oligo_005994	TestedOligo
oligo_005996	TestedOligo
oligo_006391	TestedOligo
oligo_006393	TestedOligo
oligo_005980	TestedOligo
oligo_005982	TestedOligo
oligo_006548	TestedOligo
oligo_006550	TestedOligo
oligo_005313	TestedOligo
oligo_005315	TestedOligo
oligo_005789	TestedOligo
oligo_005791	TestedOligo
oligo_005309	TestedOligo
oligo_005311	TestedOligo
oligo_005567	TestedOligo
oligo_005569	TestedOligo
oligo_006150	TestedOligo
oligo_006152	TestedOligo
oligo_006440	TestedOligo
oligo_006442	TestedOligo
oligo_006830	TestedOligo
oligo_006832	TestedOligo
oligo_006110	TestedOligo
oligo_006112	TestedOligo
oligo_006888	TestedOligo
oligo_006890	TestedOligo
oligo_005766	TestedOligo
oligo_005768	TestedOligo
oligo_005297	TestedOligo
oligo_005298	TestedOligo
oligo_006432	TestedOligo
oligo_006434	TestedOligo
oligo_005736	TestedOligo
oligo_005738	TestedOligo
oligo_005986	TestedOligo
oligo_005988	TestedOligo
oligo_006381	TestedOligo
oligo_006383	TestedOligo
oligo_005883	TestedOligo
oligo_005885	TestedOligo
oligo_005902	TestedOligo
oligo_005904	TestedOligo
oligo_005526	TestedOligo
oligo_005528	TestedOligo
oligo_005817	TestedOligo
oligo_005819	TestedOligo
oligo_006460	TestedOligo
oligo_006462	TestedOligo
oligo_006811	TestedOligo
oligo_006813	TestedOligo
oligo_005381	TestedOligo
oligo_005382	TestedOligo
oligo_006014	TestedOligo
oligo_006016	TestedOligo
oligo_005302	TestedOligo
oligo_005304	TestedOligo
oligo_005289	TestedOligo
oligo_005290	TestedOligo
oligo_005343	TestedOligo
oligo_005344	TestedOligo
oligo_006702	TestedOligo
oligo_006704	TestedOligo
oligo_006499	TestedOligo
oligo_006501	TestedOligo
oligo_005884	TestedOligo
oligo_005886	TestedOligo
oligo_005887	TestedOligo
oligo_005888	TestedOligo
oligo_006864	TestedOligo
oligo_006866	TestedOligo
oligo_005659	TestedOligo
oligo_005661	TestedOligo
oligo_006283	TestedOligo
oligo_006285	TestedOligo
oligo_006532	TestedOligo
oligo_006534	TestedOligo
oligo_005643	TestedOligo
oligo_005645	TestedOligo
oligo_005724	TestedOligo
oligo_005726	TestedOligo
oligo_005383	TestedOligo
oligo_005384	TestedOligo
oligo_005963	TestedOligo
oligo_005965	TestedOligo
oligo_006188	TestedOligo
oligo_006190	TestedOligo
oligo_006833	TestedOligo
oligo_006835	TestedOligo
oligo_006868	TestedOligo
oligo_006870	TestedOligo
oligo_005759	TestedOligo
oligo_005761	TestedOligo
oligo_006528	TestedOligo
oligo_006530	TestedOligo
oligo_005821	TestedOligo
oligo_005823	TestedOligo
oligo_006800	TestedOligo
oligo_006802	TestedOligo
oligo_006657	TestedOligo
oligo_006658	TestedOligo
oligo_006880	TestedOligo
oligo_006882	TestedOligo
oligo_005474	TestedOligo
oligo_005476	TestedOligo
oligo_005898	TestedOligo
oligo_005900	TestedOligo
oligo_005616	TestedOligo
oligo_005618	TestedOligo
oligo_006664	TestedOligo
oligo_006666	TestedOligo
oligo_005837	TestedOligo
oligo_005839	TestedOligo
oligo_005281	TestedOligo
oligo_005283	TestedOligo
oligo_005269	TestedOligo
oligo_005270	TestedOligo
oligo_006436	TestedOligo
oligo_006438	TestedOligo
oligo_006379	TestedOligo
oligo_006380	TestedOligo
oligo_005813	TestedOligo
oligo_005815	TestedOligo
oligo_006095	TestedOligo
oligo_006097	TestedOligo
oligo_006927	TestedOligo
oligo_006928	TestedOligo
oligo_005875	TestedOligo
oligo_005876	TestedOligo
oligo_006639	TestedOligo
oligo_006641	TestedOligo
oligo_006841	TestedOligo
oligo_006843	TestedOligo
oligo_006059	TestedOligo
oligo_006060	TestedOligo
oligo_006713	TestedOligo
oligo_006715	TestedOligo
oligo_005523	TestedOligo
oligo_005524	TestedOligo
oligo_006004	TestedOligo
oligo_006006	TestedOligo
oligo_006296	TestedOligo
oligo_006298	TestedOligo
oligo_006086	TestedOligo
oligo_006088	TestedOligo
oligo_005806	TestedOligo
oligo_005808	TestedOligo
oligo_006371	TestedOligo
oligo_006372	TestedOligo
oligo_006917	TestedOligo
oligo_006918	TestedOligo
oligo_006645	TestedOligo
oligo_006647	TestedOligo
oligo_006775	TestedOligo
oligo_006777	TestedOligo
oligo_006124	TestedOligo
oligo_006126	TestedOligo
oligo_006092	TestedOligo
oligo_006094	TestedOligo
oligo_005983	TestedOligo
oligo_005984	TestedOligo
oligo_006842	TestedOligo
oligo_006844	TestedOligo
oligo_005651	TestedOligo
oligo_005652	TestedOligo
oligo_005782	TestedOligo
oligo_005784	TestedOligo
oligo_005908	TestedOligo
oligo_005910	TestedOligo
oligo_005598	TestedOligo
oligo_005600	TestedOligo
oligo_005889	TestedOligo
oligo_005891	TestedOligo
oligo_005354	TestedOligo
oligo_005356	TestedOligo
oligo_005628	TestedOligo
oligo_005630	TestedOligo
oligo_005937	TestedOligo
oligo_005939	TestedOligo
oligo_006131	TestedOligo
oligo_006132	TestedOligo
oligo_006585	TestedOligo
oligo_006587	TestedOligo
oligo_006492	TestedOligo
oligo_006494	TestedOligo
oligo_006705	TestedOligo
oligo_006707	TestedOligo
oligo_006846	TestedOligo
oligo_006848	TestedOligo
oligo_006650	TestedOligo
oligo_006652	TestedOligo
oligo_005473	TestedOligo
oligo_005475	TestedOligo
oligo_006251	TestedOligo
oligo_006253	TestedOligo
oligo_006500:oligo_191293	TestedOligo
oligo_006502	TestedOligo
oligo_005572	TestedOligo
oligo_005574	TestedOligo
oligo_006105	TestedOligo
oligo_006107	TestedOligo
oligo_006776	TestedOligo
oligo_006778	TestedOligo
oligo_006863	TestedOligo
oligo_006865	TestedOligo
oligo_005809	TestedOligo
oligo_005811	TestedOligo
oligo_006807	TestedOligo
oligo_006809	TestedOligo
oligo_005285	TestedOligo
oligo_005286	TestedOligo
oligo_006420	TestedOligo
oligo_006422	TestedOligo
oligo_006921	TestedOligo
oligo_006922	TestedOligo
oligo_006319	TestedOligo
oligo_006321	TestedOligo
oligo_006905	TestedOligo
oligo_006906	TestedOligo
oligo_006508	TestedOligo
oligo_006510	TestedOligo
oligo_005379	TestedOligo
oligo_005380	TestedOligo
oligo_005587	TestedOligo
oligo_005589	TestedOligo
oligo_005920	TestedOligo
oligo_005922	TestedOligo
oligo_006592	TestedOligo
oligo_006594	TestedOligo
oligo_005890	TestedOligo
oligo_005892	TestedOligo
oligo_005340	TestedOligo
oligo_005342	TestedOligo
oligo_006336	TestedOligo
oligo_006338	TestedOligo
oligo_006655	TestedOligo
oligo_006656	TestedOligo
oligo_005797	TestedOligo
oligo_005799	TestedOligo
oligo_005989	TestedOligo
oligo_005991	TestedOligo
oligo_005333	TestedOligo
oligo_005334	TestedOligo
oligo_006527	TestedOligo
oligo_006529	TestedOligo
oligo_005487	TestedOligo
oligo_005488	TestedOligo
oligo_005878	TestedOligo
oligo_005880	TestedOligo
oligo_005901	TestedOligo
oligo_005903	TestedOligo
oligo_006850	TestedOligo
oligo_006852	TestedOligo
oligo_006288	TestedOligo
oligo_006290	TestedOligo
oligo_005493	TestedOligo
oligo_005495	TestedOligo
oligo_006467	TestedOligo
oligo_006469	TestedOligo
oligo_005798	TestedOligo
oligo_005800	TestedOligo
oligo_005349	TestedOligo
oligo_005350	TestedOligo
oligo_005561	TestedOligo
oligo_005562	TestedOligo
oligo_006327	TestedOligo
oligo_006329	TestedOligo
oligo_005701	TestedOligo
oligo_005703	TestedOligo
oligo_005793	TestedOligo
oligo_005795	TestedOligo
oligo_005856	TestedOligo
oligo_005858	TestedOligo
oligo_006608	TestedOligo
oligo_006610	TestedOligo
oligo_006269	TestedOligo
oligo_006271	TestedOligo
oligo_006547	TestedOligo
oligo_006549	TestedOligo
oligo_006091	TestedOligo
oligo_006093	TestedOligo
oligo_006444	TestedOligo
oligo_006446	TestedOligo
oligo_006578	TestedOligo
oligo_006580	TestedOligo
oligo_006411	TestedOligo
oligo_006413	TestedOligo
oligo_006503	TestedOligo
oligo_006505	TestedOligo
oligo_006415	TestedOligo
oligo_006417	TestedOligo
oligo_006479	TestedOligo
oligo_006481	TestedOligo
oligo_006340	TestedOligo
oligo_006342	TestedOligo
oligo_005421	TestedOligo
oligo_005423	TestedOligo
oligo_006404	TestedOligo
oligo_006406	TestedOligo
oligo_005942	TestedOligo
oligo_005944	TestedOligo
oligo_006742	TestedOligo
oligo_006744	TestedOligo
oligo_005841	TestedOligo
oligo_005843	TestedOligo
oligo_006816	TestedOligo
oligo_006818	TestedOligo
oligo_006628	TestedOligo
oligo_006630	TestedOligo
oligo_005431	TestedOligo
oligo_005432	TestedOligo
oligo_006701	TestedOligo
oligo_006703	TestedOligo
oligo_005544	TestedOligo
oligo_005546	TestedOligo
oligo_005336	TestedOligo
oligo_005338	TestedOligo
oligo_006270	TestedOligo
oligo_006272	TestedOligo
oligo_006396	TestedOligo
oligo_006398	TestedOligo
oligo_005640	TestedOligo
oligo_005642	TestedOligo
oligo_006803	TestedOligo
oligo_006805	TestedOligo
oligo_006709	TestedOligo
oligo_006711	TestedOligo
oligo_006600	TestedOligo
oligo_006602	TestedOligo
oligo_006274	TestedOligo
oligo_006276	TestedOligo
oligo_006233	TestedOligo
oligo_006235	TestedOligo
oligo_006287	TestedOligo
oligo_006289	TestedOligo
oligo_006347	TestedOligo
oligo_006349	TestedOligo
oligo_005694	TestedOligo
oligo_005696	TestedOligo
oligo_006166	TestedOligo
oligo_006168	TestedOligo
oligo_005585	TestedOligo
oligo_005586	TestedOligo
oligo_006683	TestedOligo
oligo_006684	TestedOligo
oligo_006066	TestedOligo
oligo_006068	TestedOligo
oligo_006395	TestedOligo
oligo_006397	TestedOligo
oligo_006729	TestedOligo
oligo_006731	TestedOligo
oligo_006373	TestedOligo
oligo_006375	TestedOligo
oligo_006443	TestedOligo
oligo_006445	TestedOligo
oligo_006031	TestedOligo
oligo_006033	TestedOligo
oligo_006721	TestedOligo
oligo_006723	TestedOligo
oligo_005345	TestedOligo
oligo_005347	TestedOligo
oligo_005623	TestedOligo
oligo_005625	TestedOligo
oligo_006423	TestedOligo
oligo_006425	TestedOligo
oligo_006536	TestedOligo
oligo_006538	TestedOligo
oligo_005330	TestedOligo
oligo_005332	TestedOligo
oligo_006480	TestedOligo
oligo_006482	TestedOligo
oligo_006180	TestedOligo
oligo_006182	TestedOligo
oligo_005357	TestedOligo
oligo_005358	TestedOligo
oligo_005765	TestedOligo
oligo_005767	TestedOligo
oligo_005932	TestedOligo
oligo_005934	TestedOligo
oligo_005371	TestedOligo
oligo_005372	TestedOligo
oligo_005627	TestedOligo
oligo_005629	TestedOligo
oligo_006459	TestedOligo
oligo_006461	TestedOligo
oligo_006052	TestedOligo
oligo_006054	TestedOligo
oligo_005593	TestedOligo
oligo_005595	TestedOligo
oligo_006468	TestedOligo
oligo_006470	TestedOligo
oligo_006804	TestedOligo
oligo_006806	TestedOligo
oligo_006017	TestedOligo
oligo_006019	TestedOligo
oligo_006113	TestedOligo
oligo_006115	TestedOligo
oligo_006281	TestedOligo
oligo_006282	TestedOligo
oligo_006202	TestedOligo
oligo_006204	TestedOligo
oligo_005860	TestedOligo
oligo_005862	TestedOligo
oligo_006246	TestedOligo
oligo_006248	TestedOligo
oligo_006488	TestedOligo
oligo_006490	TestedOligo
oligo_006051	TestedOligo
oligo_006053	TestedOligo
oligo_006635	TestedOligo
oligo_006637	TestedOligo
oligo_005326	TestedOligo
oligo_005328	TestedOligo
oligo_005664	TestedOligo
oligo_005666	TestedOligo
oligo_006671	TestedOligo
oligo_006673	TestedOligo
oligo_006227	TestedOligo
oligo_006229	TestedOligo
oligo_006604	TestedOligo
oligo_006606	TestedOligo
oligo_005946	TestedOligo
oligo_005948	TestedOligo
oligo_006567	TestedOligo
oligo_006569	TestedOligo
oligo_005698	TestedOligo
oligo_005700	TestedOligo
oligo_005462	TestedOligo
oligo_005464	TestedOligo
oligo_006312	TestedOligo
oligo_006314	TestedOligo
oligo_006757	TestedOligo
oligo_006758	TestedOligo
oligo_006872	TestedOligo
oligo_006874	TestedOligo
oligo_005846	TestedOligo
oligo_005848	TestedOligo
oligo_006680	TestedOligo
oligo_006682	TestedOligo
oligo_006516	TestedOligo
oligo_006518	TestedOligo
oligo_006431	TestedOligo
oligo_006433	TestedOligo
oligo_006385	TestedOligo
oligo_006386	TestedOligo
oligo_005543	TestedOligo
oligo_005545	TestedOligo
oligo_005601	TestedOligo
oligo_005602	TestedOligo
oligo_005503	TestedOligo
oligo_005505	TestedOligo
oligo_005466	TestedOligo
oligo_005468	TestedOligo
oligo_005489	TestedOligo
oligo_005491	TestedOligo
oligo_006146	TestedOligo
oligo_006148	TestedOligo
oligo_006876	TestedOligo
oligo_006878	TestedOligo
oligo_006205	TestedOligo
oligo_006207	TestedOligo
oligo_005470	TestedOligo
oligo_005472	TestedOligo
oligo_005760	TestedOligo
oligo_005762	TestedOligo
oligo_006523	TestedOligo
oligo_006525	TestedOligo
oligo_005399	TestedOligo
oligo_005400	TestedOligo
oligo_005405	TestedOligo
oligo_005406	TestedOligo
oligo_006217	TestedOligo
oligo_006218	TestedOligo
oligo_005619	TestedOligo
oligo_005621	TestedOligo
oligo_005531	TestedOligo
oligo_005532	TestedOligo
oligo_005647	TestedOligo
oligo_005649	TestedOligo
oligo_005990	TestedOligo
oligo_005992	TestedOligo
oligo_006646	TestedOligo
oligo_006648	TestedOligo
oligo_006001	TestedOligo
oligo_006002	TestedOligo
oligo_006123	TestedOligo
oligo_006125	TestedOligo
oligo_005510	TestedOligo
oligo_005512	TestedOligo
oligo_006909	TestedOligo
oligo_006910	TestedOligo
oligo_006632	TestedOligo
oligo_006634	TestedOligo
oligo_006363	TestedOligo
oligo_006365	TestedOligo
oligo_006875	TestedOligo
oligo_006877	TestedOligo
oligo_006439	TestedOligo
oligo_006441	TestedOligo
oligo_005529	TestedOligo
oligo_005530	TestedOligo
oligo_006219	TestedOligo
oligo_006221	TestedOligo
oligo_006812	TestedOligo
oligo_006814	TestedOligo
oligo_005907	TestedOligo
oligo_005909	TestedOligo
oligo_006512	TestedOligo
oligo_006514	TestedOligo
oligo_006543	TestedOligo
oligo_006545	TestedOligo
oligo_005607	TestedOligo
oligo_005609	TestedOligo
oligo_005905	TestedOligo
oligo_005906	TestedOligo
oligo_005504	TestedOligo
oligo_005506	TestedOligo
oligo_006577	TestedOligo
oligo_006579	TestedOligo
oligo_005359	TestedOligo
oligo_005361	TestedOligo
oligo_006572	TestedOligo
oligo_006574	TestedOligo
oligo_006367	TestedOligo
oligo_006369	TestedOligo
oligo_005686	TestedOligo
oligo_005688	TestedOligo
oligo_005375	TestedOligo
oligo_005376	TestedOligo
oligo_005773	TestedOligo
oligo_005775	TestedOligo
oligo_006899	TestedOligo
oligo_006900	TestedOligo
oligo_006754	TestedOligo
oligo_006756	TestedOligo
oligo_006032	TestedOligo
oligo_006034	TestedOligo
oligo_005924	TestedOligo
oligo_005926	TestedOligo
oligo_005794	TestedOligo
oligo_005796	TestedOligo
oligo_005668	TestedOligo
oligo_005670	TestedOligo
oligo_006745	TestedOligo
oligo_006747	TestedOligo
oligo_006564	TestedOligo
oligo_006566	TestedOligo
oligo_005433	TestedOligo
oligo_005435	TestedOligo
oligo_006519	TestedOligo
oligo_006521	TestedOligo
oligo_005490	TestedOligo
oligo_005492	TestedOligo
oligo_006109	TestedOligo
oligo_006111	TestedOligo
oligo_005818	TestedOligo
oligo_005820	TestedOligo
oligo_006693	TestedOligo
oligo_006695	TestedOligo
oligo_006134	TestedOligo
oligo_006136	TestedOligo
oligo_005727	TestedOligo
oligo_005728	TestedOligo
oligo_006392	TestedOligo
oligo_006394	TestedOligo
oligo_005927	TestedOligo
oligo_005928	TestedOligo
oligo_005953	TestedOligo
oligo_005955	TestedOligo
oligo_006102	TestedOligo
oligo_006104	TestedOligo
oligo_005604	TestedOligo
oligo_005606	TestedOligo
oligo_006073	TestedOligo
oligo_006075	TestedOligo
oligo_005533	TestedOligo
oligo_005534	TestedOligo
oligo_006452	TestedOligo
oligo_006454	TestedOligo
oligo_005741	TestedOligo
oligo_005742	TestedOligo
oligo_006643	TestedOligo
oligo_006644	TestedOligo
oligo_006892	TestedOligo
oligo_006894	TestedOligo
oligo_006686	TestedOligo
oligo_006688	TestedOligo
oligo_006311	TestedOligo
oligo_006313	TestedOligo
oligo_005705	TestedOligo
oligo_005707	TestedOligo
oligo_006827	TestedOligo
oligo_006828	TestedOligo
oligo_006672	TestedOligo
oligo_006674	TestedOligo
oligo_005850	TestedOligo
oligo_005852	TestedOligo
oligo_005540	TestedOligo
oligo_005542	TestedOligo
oligo_006544	TestedOligo
oligo_006546	TestedOligo
oligo_006780	TestedOligo
oligo_006782	TestedOligo
oligo_005998	TestedOligo
oligo_006000	TestedOligo
oligo_006726	TestedOligo
oligo_006728	TestedOligo
oligo_005325	TestedOligo
oligo_005327	TestedOligo
oligo_005335	TestedOligo
oligo_005337	TestedOligo
oligo_005805	TestedOligo
oligo_005807	TestedOligo
oligo_006435	TestedOligo
oligo_006437	TestedOligo
oligo_005730	TestedOligo
oligo_005732	TestedOligo
oligo_005273	TestedOligo
oligo_005275	TestedOligo
oligo_006137	TestedOligo
oligo_006138	TestedOligo
oligo_006192	TestedOligo
oligo_006194	TestedOligo
oligo_006535	TestedOligo
oligo_006537	TestedOligo
oligo_005351	TestedOligo
oligo_005352	TestedOligo
oligo_006106	TestedOligo
oligo_006108	TestedOligo
oligo_006883	TestedOligo
oligo_006885	TestedOligo
oligo_006507	TestedOligo
oligo_006509	TestedOligo
oligo_006627	TestedOligo
oligo_006629	TestedOligo
oligo_006619	TestedOligo
oligo_006621	TestedOligo
oligo_005594	TestedOligo
oligo_005596	TestedOligo
oligo_006035	TestedOligo
oligo_006037	TestedOligo
oligo_005842	TestedOligo
oligo_005844	TestedOligo
oligo_006849	TestedOligo
oligo_006851	TestedOligo
oligo_005770	TestedOligo
oligo_005772	TestedOligo
oligo_005931	TestedOligo
oligo_005933	TestedOligo
oligo_006591	TestedOligo
oligo_006593	TestedOligo
oligo_006471	TestedOligo
oligo_006473	TestedOligo
oligo_006759	TestedOligo
oligo_006761	TestedOligo
oligo_006722	TestedOligo
oligo_006724	TestedOligo
oligo_005588	TestedOligo
oligo_005590	TestedOligo
oligo_005615	TestedOligo
oligo_005617	TestedOligo
oligo_005769	TestedOligo
oligo_005771	TestedOligo
oligo_006062	TestedOligo
oligo_006064	TestedOligo
oligo_005717	TestedOligo
oligo_005719	TestedOligo
oligo_006476	TestedOligo
oligo_006478	TestedOligo
oligo_005442	TestedOligo
oligo_005444	TestedOligo
oligo_005997	TestedOligo
oligo_005999	TestedOligo
oligo_006571	TestedOligo
oligo_006573	TestedOligo
oligo_006199	TestedOligo
oligo_006200	TestedOligo
oligo_006860	TestedOligo
oligo_006862	TestedOligo
oligo_006856	TestedOligo
oligo_006858	TestedOligo
oligo_006823	TestedOligo
oligo_006825	TestedOligo
oligo_005418	TestedOligo
oligo_005420	TestedOligo
oligo_006278	TestedOligo
oligo_006280	TestedOligo
oligo_006419	TestedOligo
oligo_006421	TestedOligo
oligo_006896	TestedOligo
oligo_006898	TestedOligo
oligo_005558	TestedOligo
oligo_005560	TestedOligo
oligo_006624	TestedOligo
oligo_006626	TestedOligo
oligo_005774	TestedOligo
oligo_005776	TestedOligo
oligo_005439	TestedOligo
oligo_005440	TestedOligo
oligo_005321	TestedOligo
oligo_005323	TestedOligo
oligo_006141	TestedOligo
oligo_006143	TestedOligo
oligo_005660	TestedOligo
oligo_005662	TestedOligo
oligo_005346	TestedOligo
oligo_005348	TestedOligo
oligo_006763	TestedOligo
oligo_006765	TestedOligo
oligo_006539	TestedOligo
oligo_006541	TestedOligo
oligo_005755	TestedOligo
oligo_005756	TestedOligo
oligo_006307	TestedOligo
oligo_006309	TestedOligo
oligo_006021	TestedOligo
oligo_006023	TestedOligo
oligo_005417	TestedOligo
oligo_005419	TestedOligo
oligo_006733	TestedOligo
oligo_006735	TestedOligo
oligo_006867	TestedOligo
oligo_006869	TestedOligo
oligo_006697	TestedOligo
oligo_006699	TestedOligo
oligo_005294	TestedOligo
oligo_005296	TestedOligo
oligo_005282	TestedOligo
oligo_005284	TestedOligo
oligo_006416	TestedOligo
oligo_006418	TestedOligo
oligo_005973	TestedOligo
oligo_005974	TestedOligo
oligo_005871	TestedOligo
oligo_005872	TestedOligo
oligo_006277	TestedOligo
oligo_006279	TestedOligo
oligo_006055	TestedOligo
oligo_006057	TestedOligo
oligo_006520	TestedOligo
oligo_006522	TestedOligo
oligo_006332	TestedOligo
oligo_006334	TestedOligo
oligo_005678	TestedOligo
oligo_005680	TestedOligo
oligo_005597	TestedOligo
oligo_005599	TestedOligo
oligo_006022	TestedOligo
oligo_006024	TestedOligo
oligo_006819	TestedOligo
oligo_006821	TestedOligo
oligo_006555	TestedOligo
oligo_006556	TestedOligo
oligo_005714	TestedOligo
oligo_005716	TestedOligo
oligo_006788	TestedOligo
oligo_006790	TestedOligo
oligo_006165	TestedOligo
oligo_006167	TestedOligo
oligo_006359	TestedOligo
oligo_006361	TestedOligo
oligo_005685	TestedOligo
oligo_005687	TestedOligo
oligo_006245	TestedOligo
oligo_006247	TestedOligo
oligo_006300	TestedOligo
oligo_006302	TestedOligo
oligo_006603	TestedOligo
oligo_006605	TestedOligo
oligo_006010	TestedOligo
oligo_006012	TestedOligo
oligo_005469	TestedOligo
oligo_005471	TestedOligo
oligo_006036	TestedOligo
oligo_006038	TestedOligo
oligo_005917	TestedOligo
oligo_005918	TestedOligo
oligo_005747	TestedOligo
oligo_005749	TestedOligo
oligo_005729	TestedOligo
oligo_005731	TestedOligo
oligo_005536	TestedOligo
oligo_005538	TestedOligo
oligo_006636	TestedOligo
oligo_006638	TestedOligo
oligo_005681	TestedOligo
oligo_005682	TestedOligo
oligo_006291	TestedOligo
oligo_006293	TestedOligo
oligo_005781	TestedOligo
oligo_005783	TestedOligo
oligo_006706	TestedOligo
oligo_006708	TestedOligo
oligo_005415	TestedOligo
oligo_005416	TestedOligo
oligo_005825	TestedOligo
oligo_005827	TestedOligo
oligo_005571	TestedOligo
oligo_005573	TestedOligo
oligo_006133	TestedOligo
oligo_006135	TestedOligo
oligo_005911	TestedOligo
oligo_005913	TestedOligo
oligo_006191	TestedOligo
oligo_006193	TestedOligo
oligo_005301	TestedOligo
oligo_005303	TestedOligo
oligo_005501	TestedOligo
oligo_005502	TestedOligo
oligo_006237	TestedOligo
oligo_006239	TestedOligo
oligo_005525	TestedOligo
oligo_005527	TestedOligo
oligo_005317	TestedOligo
oligo_005319	TestedOligo
oligo_006320	TestedOligo
oligo_006322	TestedOligo
oligo_006356	TestedOligo
oligo_006358	TestedOligo
oligo_005713	TestedOligo
oligo_005715	TestedOligo
oligo_005748	TestedOligo
oligo_005750	TestedOligo
oligo_005578	TestedOligo
oligo_005580	TestedOligo
oligo_006698	TestedOligo
oligo_006700	TestedOligo
oligo_006009	TestedOligo
oligo_006011	TestedOligo
oligo_005389	TestedOligo
oligo_005391	TestedOligo
oligo_005864	TestedOligo
oligo_005866	TestedOligo
oligo_005993	TestedOligo
oligo_005995	TestedOligo
oligo_006753	TestedOligo
oligo_006755	TestedOligo
oligo_005461	TestedOligo
oligo_005463	TestedOligo
oligo_005483	TestedOligo
oligo_005485	TestedOligo
oligo_006177	TestedOligo
oligo_006178	TestedOligo
oligo_006304	TestedOligo
oligo_006306	TestedOligo
oligo_005733	TestedOligo
oligo_005734	TestedOligo
oligo_005591	TestedOligo
oligo_005592	TestedOligo
oligo_005743	TestedOligo
oligo_005745	TestedOligo
oligo_006284	TestedOligo
oligo_006286	TestedOligo
oligo_005873	TestedOligo
oligo_005874	TestedOligo
oligo_006424	TestedOligo
oligo_006426	TestedOligo
oligo_005521	TestedOligo
oligo_005522	TestedOligo
oligo_006524	TestedOligo
oligo_006526	TestedOligo
oligo_006741	TestedOligo
oligo_006743	TestedOligo
oligo_005395	TestedOligo
oligo_005397	TestedOligo
oligo_006746	TestedOligo
oligo_006748	TestedOligo
oligo_006463	TestedOligo
oligo_006465	TestedOligo
oligo_005667	TestedOligo
oligo_005669	TestedOligo
oligo_005385	TestedOligo
oligo_005386	TestedOligo
oligo_006374	TestedOligo
oligo_006376	TestedOligo
oligo_005833	TestedOligo
oligo_005835	TestedOligo
oligo_006028	TestedOligo
oligo_006030	TestedOligo
oligo_005697	TestedOligo
oligo_005699	TestedOligo
oligo_005494	TestedOligo
oligo_005496	TestedOligo
oligo_005457	TestedOligo
oligo_005459	TestedOligo
oligo_006845	TestedOligo
oligo_006847	TestedOligo
oligo_006837	TestedOligo
oligo_006839	TestedOligo
oligo_005923	TestedOligo
oligo_005925	TestedOligo
oligo_005363	TestedOligo
oligo_005365	TestedOligo
oligo_005845	TestedOligo
oligo_005847	TestedOligo
oligo_006081	TestedOligo
oligo_006083	TestedOligo
oligo_005265	TestedOligo
oligo_005266	TestedOligo
oligo_006884	TestedOligo
oligo_006886	TestedOligo
oligo_005655	TestedOligo
oligo_005657	TestedOligo
oligo_005581	TestedOligo
oligo_005583	TestedOligo
oligo_005814	TestedOligo
oligo_005816	TestedOligo
oligo_006220	TestedOligo
oligo_006222	TestedOligo
oligo_005287	TestedOligo
oligo_005288	TestedOligo
oligo_005624	TestedOligo
oligo_005626	TestedOligo
oligo_006531	TestedOligo
oligo_006533	TestedOligo
oligo_006799	TestedOligo
oligo_006801	TestedOligo
oligo_005671	TestedOligo
oligo_005672	TestedOligo
oligo_005763	TestedOligo
oligo_005764	TestedOligo
oligo_006612	TestedOligo
oligo_006614	TestedOligo
oligo_051664	TestedOligo
oligo_051665	TestedOligo
oligo_142740	TestedOligo
oligo_142741	TestedOligo
oligo_020252	TestedOligo
oligo_020253	TestedOligo
oligo_161791	TestedOligo
oligo_161792	TestedOligo
oligo_134150	TestedOligo
oligo_134151	TestedOligo
oligo_180019	TestedOligo
oligo_180020	TestedOligo
oligo_009427	TestedOligo
oligo_009428	TestedOligo
oligo_082786	TestedOligo
oligo_082787	TestedOligo
oligo_113042	TestedOligo
oligo_113043	TestedOligo
oligo_132870	TestedOligo
oligo_132871	TestedOligo
oligo_157371	TestedOligo
oligo_157372	TestedOligo
oligo_202478	TestedOligo
oligo_202479	TestedOligo
oligo_156448	TestedOligo
oligo_156450	TestedOligo
oligo_170424	TestedOligo
oligo_170426	TestedOligo
oligo_189277	TestedOligo
oligo_189278	TestedOligo
oligo_042365	TestedOligo
oligo_042366	TestedOligo
oligo_186965	TestedOligo
oligo_186966	TestedOligo
oligo_100736	TestedOligo
oligo_100737:oligo_100739	TestedOligo
oligo_184093	TestedOligo
oligo_184094	TestedOligo
oligo_022938	TestedOligo
oligo_022939	TestedOligo
oligo_212875	TestedOligo
oligo_212876	TestedOligo
oligo_141304	TestedOligo
oligo_141305	TestedOligo
oligo_169466	TestedOligo
oligo_169467	TestedOligo
oligo_117199	TestedOligo
oligo_117200	TestedOligo
oligo_087115	TestedOligo
oligo_087116	TestedOligo
oligo_110499	TestedOligo
oligo_110500	TestedOligo
oligo_211865	TestedOligo
oligo_211866	TestedOligo
oligo_117471	TestedOligo
oligo_117474	TestedOligo
oligo_023533	TestedOligo
oligo_023534	TestedOligo
oligo_208354	TestedOligo
oligo_208355	TestedOligo
oligo_161342	TestedOligo
oligo_161343	TestedOligo
oligo_093449	TestedOligo
oligo_093450	TestedOligo
oligo_206139	TestedOligo
oligo_206140	TestedOligo
oligo_126495	TestedOligo
oligo_126496	TestedOligo
oligo_194293	TestedOligo
oligo_194295	TestedOligo
oligo_205894	TestedOligo
oligo_205895	TestedOligo
oligo_134560	TestedOligo
oligo_134561	TestedOligo
oligo_140857	TestedOligo
oligo_140858	TestedOligo
oligo_172807	TestedOligo
oligo_172808	TestedOligo
oligo_014306	TestedOligo
oligo_014307	TestedOligo
oligo_180222	TestedOligo
oligo_180223	TestedOligo
oligo_174748	TestedOligo
oligo_174749	TestedOligo
oligo_049886	TestedOligo
oligo_049887	TestedOligo
oligo_054505	TestedOligo
oligo_054506	TestedOligo
oligo_041530	TestedOligo
oligo_041531	TestedOligo
oligo_141162	TestedOligo
oligo_141163	TestedOligo
oligo_036057	TestedOligo
oligo_036058:oligo_036059	TestedOligo
oligo_024769	TestedOligo
oligo_024770	TestedOligo
oligo_207065	TestedOligo
oligo_207066	TestedOligo
oligo_189766	TestedOligo
oligo_189767	TestedOligo
oligo_114459	TestedOligo
oligo_114460	TestedOligo
oligo_074749	TestedOligo
oligo_074750	TestedOligo
oligo_101810	TestedOligo
oligo_101812	TestedOligo
oligo_061410	TestedOligo
oligo_061411	TestedOligo
oligo_174218	TestedOligo
oligo_174219	TestedOligo
oligo_161720	TestedOligo
oligo_161721	TestedOligo
oligo_199954	TestedOligo
oligo_199955	TestedOligo
oligo_063871	TestedOligo
oligo_063873	TestedOligo
oligo_199463	TestedOligo
oligo_199464	TestedOligo
oligo_012289	TestedOligo
oligo_012290	TestedOligo
oligo_085438	TestedOligo
oligo_085439	TestedOligo
oligo_051892	TestedOligo
oligo_051894	TestedOligo
oligo_158318	TestedOligo
oligo_158319	TestedOligo
oligo_122326	TestedOligo
oligo_122327	TestedOligo
oligo_055245	TestedOligo
oligo_055246	TestedOligo
oligo_008261	TestedOligo
oligo_008262	TestedOligo
oligo_082128	TestedOligo
oligo_082129	TestedOligo
oligo_042998	TestedOligo
oligo_042999	TestedOligo
oligo_209107	TestedOligo
oligo_209108:oligo_209109	TestedOligo
oligo_203851	TestedOligo
oligo_203852:oligo_203858	TestedOligo
oligo_144071	TestedOligo
oligo_144072	TestedOligo
oligo_060162	TestedOligo
oligo_060163	TestedOligo
oligo_052604	TestedOligo
oligo_052605	TestedOligo
oligo_093115	TestedOligo
oligo_093116:oligo_093117	TestedOligo
oligo_103019	TestedOligo
oligo_103020	TestedOligo
oligo_145435	TestedOligo
oligo_145436	TestedOligo
oligo_122065	TestedOligo
oligo_122066	TestedOligo
oligo_135431	TestedOligo
oligo_135432	TestedOligo
oligo_043690	TestedOligo
oligo_043691	TestedOligo
oligo_066840	TestedOligo
oligo_066841	TestedOligo
oligo_128994	TestedOligo
oligo_128995	TestedOligo
oligo_168747	TestedOligo
oligo_168748	TestedOligo
oligo_098739	TestedOligo
oligo_098740	TestedOligo
oligo_170876	TestedOligo
oligo_170877	TestedOligo
oligo_164055	TestedOligo
oligo_164056	TestedOligo
oligo_092622	TestedOligo
oligo_092623	TestedOligo
oligo_113757	TestedOligo
oligo_113758	TestedOligo
oligo_164573	TestedOligo
oligo_164574	TestedOligo
oligo_076389	TestedOligo
oligo_076390	TestedOligo
oligo_096563	TestedOligo
oligo_096564	TestedOligo
oligo_079566	TestedOligo
oligo_079567	TestedOligo
oligo_143918	TestedOligo
oligo_143919	TestedOligo
oligo_127759	TestedOligo
oligo_127760	TestedOligo
oligo_142294	TestedOligo
oligo_142295	TestedOligo
oligo_120562	TestedOligo
oligo_120563	TestedOligo
oligo_085566	TestedOligo
oligo_085567	TestedOligo
oligo_141362	TestedOligo
oligo_141363:oligo_141364	TestedOligo
oligo_157268	TestedOligo
oligo_157269:oligo_157277	TestedOligo
oligo_036452	TestedOligo
oligo_036454	TestedOligo
oligo_109768	TestedOligo
oligo_109769	TestedOligo
oligo_040920	TestedOligo
oligo_040921	TestedOligo
oligo_178212	TestedOligo
oligo_178213	TestedOligo
oligo_180958	TestedOligo
oligo_180959	TestedOligo
oligo_197621	TestedOligo
oligo_197622	TestedOligo
oligo_132101	TestedOligo
oligo_132102	TestedOligo
oligo_130359	TestedOligo
oligo_130360	TestedOligo
oligo_157731	TestedOligo
oligo_157732	TestedOligo
oligo_022307	TestedOligo
oligo_022309	TestedOligo
oligo_065843	TestedOligo
oligo_065844	TestedOligo
oligo_102356	TestedOligo
oligo_102357	TestedOligo
oligo_133365	TestedOligo
oligo_133366	TestedOligo
oligo_067470	TestedOligo
oligo_067471	TestedOligo
oligo_147143	TestedOligo
oligo_147144	TestedOligo
oligo_097567	TestedOligo
oligo_097568	TestedOligo
oligo_029455	TestedOligo
oligo_029456	TestedOligo
oligo_076186	TestedOligo
oligo_076187	TestedOligo
oligo_101966	TestedOligo
oligo_101967	TestedOligo
oligo_034266	TestedOligo
oligo_034267	TestedOligo
oligo_018125	TestedOligo
oligo_018126	TestedOligo
oligo_131210	TestedOligo
oligo_131211	TestedOligo
oligo_165297	TestedOligo
oligo_165298	TestedOligo
oligo_097294	TestedOligo
oligo_097295	TestedOligo
oligo_210398	TestedOligo
oligo_210399	TestedOligo
oligo_211080	TestedOligo
oligo_211081	TestedOligo
oligo_174699	TestedOligo
oligo_174700	TestedOligo
oligo_082326	TestedOligo
oligo_082327:oligo_082328	TestedOligo
oligo_071789	TestedOligo
oligo_071790	TestedOligo
oligo_082483	TestedOligo
oligo_082484	TestedOligo
oligo_144932	TestedOligo
oligo_144933	TestedOligo
oligo_087199	TestedOligo
oligo_087200	TestedOligo
oligo_066887	TestedOligo
oligo_066888	TestedOligo
oligo_011898	TestedOligo
oligo_011899	TestedOligo
oligo_107321	TestedOligo
oligo_107322	TestedOligo
oligo_115602	TestedOligo
oligo_115603	TestedOligo
oligo_088589	TestedOligo
oligo_088590	TestedOligo
oligo_033591	TestedOligo
oligo_033592	TestedOligo
oligo_148647	TestedOligo
oligo_148648	TestedOligo
oligo_174287	TestedOligo
oligo_174288	TestedOligo
oligo_104515	TestedOligo
oligo_104516	TestedOligo
oligo_056333	TestedOligo
oligo_056334:oligo_056340	TestedOligo
oligo_012195	TestedOligo
oligo_012196	TestedOligo
oligo_011904	TestedOligo
oligo_011905	TestedOligo
oligo_074484	TestedOligo
oligo_074485	TestedOligo
oligo_186021	TestedOligo
oligo_186022	TestedOligo
oligo_152111	TestedOligo
oligo_152112	TestedOligo
oligo_205983	TestedOligo
oligo_205984	TestedOligo
oligo_199839	TestedOligo
oligo_199840:oligo_199843	TestedOligo
oligo_018291	TestedOligo
oligo_018292	TestedOligo
oligo_211555	TestedOligo
oligo_211556	TestedOligo
oligo_126658	TestedOligo
oligo_126659	TestedOligo
oligo_180475	TestedOligo
oligo_180476	TestedOligo
oligo_208819	TestedOligo
oligo_208820	TestedOligo
oligo_102486	TestedOligo
oligo_102487	TestedOligo
oligo_211467	TestedOligo
oligo_211468	TestedOligo
oligo_132964	TestedOligo
oligo_132965	TestedOligo
oligo_053872	TestedOligo
oligo_053873:oligo_053879	TestedOligo
oligo_124817	TestedOligo
oligo_124818	TestedOligo
oligo_012518	TestedOligo
oligo_012519	TestedOligo
oligo_070061	TestedOligo
oligo_070062:oligo_070064	TestedOligo
oligo_091873	TestedOligo
oligo_091875:oligo_242219	TestedOligo
oligo_125000	TestedOligo
oligo_125001	TestedOligo
oligo_124569	TestedOligo
oligo_124570	TestedOligo
oligo_167053	TestedOligo
oligo_167054	TestedOligo
oligo_013198	TestedOligo
oligo_013199	TestedOligo
oligo_205989	TestedOligo
oligo_205990	TestedOligo
oligo_118323	TestedOligo
oligo_118324:oligo_118329	TestedOligo
oligo_121240	TestedOligo
oligo_121241:oligo_121245	TestedOligo
oligo_022690	TestedOligo
oligo_022691	TestedOligo
